model	arm	epoch	camera	language	layout	lighting	noise	robot_init	textures	avg_5axes	avg_all7	pooled_all	n_episodes
pi0.5	SFT_base	0	0.1702	0.7154	0.8078	0.8356	0.1282	0.1771	0.9097	0.5703	0.5349	0.5210	2432
pi0.5	critic_only_ovl_alpha01	300	0.5053	0.7051	0.9403	0.9692	0.5299	0.4171	0.9583	0.7806	0.7179	0.7064	2432
pi0.5	critic_only_ovl_alpha025	300	0.5239	0.7051	0.9065	0.9384	0.5556	0.4029	0.9514	0.7751	0.7120	0.7011	2432
pi0.5	critic_only_ovl_alpha05	300	0.5505	0.7590	0.9506	0.9726	0.6781	0.4200	0.9618	0.8227	0.7561	0.7463	2432
pi0.5	critic_only_ovl_alpha075	300	0.5984	0.7205	0.9403	0.9589	0.6040	0.4314	0.9583	0.8120	0.7445	0.7348	2432
pi0.5	critic_only_ovl_alpha09	300	0.5133	0.6949	0.9091	0.9623	0.5157	0.3771	0.9479	0.7697	0.7029	0.6912	2432
pi0.5	critic_only_ovlshift_alpha05	300	0.4840	0.6872	0.9195	0.9281	0.4929	0.3714	0.9514	0.7552	0.6906	0.6793	2432
pi0.5	critic_only_shift	300	0.5771	0.7077	0.9039	0.9795	0.5442	0.4086	0.9549	0.7919	0.7251	0.7138	2432
pi0.5	none	300	0.4574	0.7000	0.9195	0.9692	0.4074	0.3229	0.9444	0.7396	0.6744	0.6620	2432
pi0.5	uniform_ovl_alpha05	300	0.0000	0.0000	0.0000	0.0034	0.0028	0.0057	0.0000	0.0013	0.0017	0.0016	2432
GR00T	SFT_base	0	0.1463	0.1179	0.2779	0.1918	0.2336	0.1286	0.2286	0.2156	0.1892	0.1877	2424
GR00T	critic_only_ovl_alpha025	300	0.4734	0.4000	0.7532	0.6575	0.5698	0.3086	0.7536	0.6415	0.5594	0.5507	2424
GR00T	critic_only_ovl_alpha05	300	0.3404	0.3538	0.6571	0.6199	0.5926	0.2343	0.7107	0.5841	0.5013	0.4905	2424
GR00T	critic_only_ovl_alpha075	300	0.4122	0.3256	0.6390	0.5753	0.5698	0.2429	0.7107	0.5814	0.4965	0.4868	2424
GR00T	critic_only_ovlshift_alpha05	300	0.4229	0.3205	0.6571	0.6610	0.5584	0.2571	0.6929	0.5984	0.5100	0.4992	2424
GR00T	critic_only_shift	300	0.5878	0.3744	0.7974	0.6952	0.5840	0.2943	0.8036	0.6936	0.5909	0.5817	2424
GR00T	none	300	0.3936	0.2795	0.6701	0.6233	0.5043	0.2571	0.6607	0.5704	0.4841	0.4740	2424
