epoch	env/reward	train/actor/policy_loss	train/actor/entropy_loss	train/actor/approx_kl	train/actor/clip_fraction	train/critic/value_loss	eval/success_once	eval/reward
1	0.00508214	-0.269995	0	0.00637206	0.0414758	0.469315		
2	0.00476362	-0.280086	0	0.00602957	0.0435313	0.248959		
3	0.00488816	-0.282712	0	0.00500759	0.0353325	0.131862		
4	0.00535755	-0.266863	0	0.00394079	0.0268306	0.0936245		
5	0.00546723	-0.255963	0	0.00520463	0.0351491	0.0624062		
6	0.00551013	-0.25247	0	0.00388191	0.0286805	0.0511713		
7	0.00582734	-0.206399	0	0.00383665	0.0315177	0.0459054		
8	0.00595197	-0.189012	0	0.00427192	0.0380832	0.0434952		
9	0.00599981	-0.208616	0	0.00605808	0.0413463	0.0372985		
10	0.00606943	-0.169395	0	0.00519168	0.0453589	0.0384945		
11	0.00589205	-0.192384	0	0.00671701	0.0484309	0.0356121		
12	0.00682396	-0.201251	0	0.00531832	0.0387692	0.0356402		
13	0.00656369	-0.174232	0	0.00689373	0.0460609	0.0352258		
14	0.00671893	-0.2042	0	0.00590636	0.0384727	0.0346453		
15	0.00715742	-0.193076	0	0.00396042	0.036035	0.0347835		
16	0.00675849	-0.192657	0	0.00576196	0.0358766	0.0352972		
17	0.00700869	-0.191229	0	0.00377196	0.0352538	0.03324		
18	0.00762191	-0.212742	0	0.00566232	0.0386436	0.031184		
19	0.00712243	-0.179438	0	0.00501539	0.032546	0.033229		
20	0.00788285	-0.187901	0	0.00319268	0.0331121	0.0311703		
21	0.00729875	-0.206351	0	0.00670513	0.049207	0.0307894		
22	0.00773297	-0.199952	0	0.00440412	0.0379312	0.0303168		
23	0.00824306	-0.189634	0	0.00492224	0.0323124	0.0309028		
24	0.00824122	-0.205188	0	0.00678699	0.0520769	0.0281101		
25	0.00766291	-0.171135	0	0.00517152	0.0357856	0.0325595	0.664	0.00784133
26	0.00817733	-0.185159	0	0.00502494	0.0318588	0.0305129		
27	0.00740995	-0.190447	0	0.00595392	0.0322019	0.0315136		
28	0.00797898	-0.211541	0	0.00443145	0.0259704	0.0289006		
29	0.00759793	-0.197711	0	0.00602962	0.0334836	0.0287202		
30	0.00800579	-0.182796	0	0.00800432	0.0437774	0.0317248		
31	0.00782557	-0.203817	0	0.00664773	0.050642	0.0268616		
32	0.00768453	-0.193154	0	0.00384246	0.0340523	0.0274314		
33	0.00812035	-0.175439	0	0.00592112	0.0419961	0.0289938		
34	0.00842131	-0.174039	0	0.00424933	0.0391125	0.02964		
35	0.00891809	-0.164618	0	0.00505198	0.0307278	0.0252565		
36	0.00824523	-0.201248	0	0.00297512	0.0324845	0.0268642		
37	0.00864157	-0.17861	0	0.00493347	0.0411498	0.026558		
38	0.00828397	-0.20696	0	0.0048007	0.0418258	0.0250221		
39	0.008865	-0.173682	0	0.0053032	0.0389609	0.0286498		
40	0.00873073	-0.204002	0	0.00317444	0.0233685	0.0236652		
41	0.00868199	-0.188945	0	0.00716618	0.0467936	0.0276537		
42	0.00818213	-0.156425	0	0.00537921	0.039116	0.0287774		
43	0.00866318	-0.175876	0	0.00184439	0.0279185	0.0273326		
44	0.008678	-0.207425	0	0.00396223	0.0367156	0.0246392		
45	0.00859442	-0.180316	0	0.0043458	0.043354	0.0275937		
46	0.00847783	-0.204636	0	0.0042919	0.0429471	0.0253839		
47	0.00894723	-0.191164	0	0.0052455	0.0432792	0.0255857		
48	0.00925072	-0.169442	0	0.00644109	0.0485052	0.0262199		
49	0.00861812	-0.180963	0	0.00695008	0.0499028	0.0252353		
50	0.00866342	-0.185268	0	0.00700171	0.0469825	0.0252202	0.792	0.00906109
51	0.0085316	-0.189109	0	0.00450328	0.0343428	0.0245656		
52	0.00861051	-0.201323	0	0.00399833	0.0307373	0.0238932		
53	0.00898047	-0.190347	0	0.00397812	0.0356555	0.0241569		
54	0.00931857	-0.16742	0	0.00558295	0.0356473	0.0235405		
55	0.00937215	-0.147411	0	0.0052917	0.0280436	0.0257948		
56	0.00936479	-0.158386	0	0.00648108	0.0486549	0.0228874		
57	0.00922262	-0.185407	0	0.00755099	0.0455685	0.0225567		
58	0.00944537	-0.155422	0	0.00816509	0.0418152	0.0245449		
59	0.00979769	-0.15902	0	0.00585694	0.0532812	0.0215797		
60	0.00913891	-0.199694	0	0.00666745	0.0467634	0.0192732		
61	0.00919517	-0.17737	0	0.00496967	0.0392604	0.0244087		
62	0.00932232	-0.187598	0	0.00704157	0.0475782	0.0226298		
63	0.00951376	-0.15238	0	0.00453291	0.0410986	0.0229812		
64	0.00930907	-0.173064	0	0.00444531	0.0404822	0.023235		
65	0.00973357	-0.202627	0	0.00500581	0.0459655	0.0183225		
66	0.00989127	-0.14859	0	0.0050333	0.0332701	0.0227123		
67	0.00981874	-0.166716	0	0.00462407	0.0438704	0.0187723		
68	0.0100109	-0.163668	0	0.00493307	0.034177	0.0199344		
69	0.00980988	-0.173878	0	0.00605378	0.0339515	0.0200043		
70	0.0100028	-0.145303	0	0.00800596	0.0472337	0.022121		
71	0.0101404	-0.149401	0	0.00646818	0.0484439	0.0218534		
72	0.00977474	-0.173461	0	0.00551462	0.0389507	0.0201985		
73	0.00985357	-0.14308	0	0.00565465	0.040211	0.0221946		
74	0.010094	-0.167737	0	0.00679009	0.0352517	0.0176242		
75	0.00994201	-0.166893	0	0.00467382	0.0354556	0.0189172	0.864	0.0101507
76	0.00963832	-0.168619	0	0.00736965	0.0479454	0.0207195		
77	0.00971008	-0.180133	0	0.005484	0.0431411	0.0185603		
78	0.00998666	-0.140531	0	0.00747294	0.0459755	0.0227552		
79	0.0101856	-0.167397	0	0.00482524	0.0428537	0.0212445		
80	0.0100241	-0.135482	0	0.00724071	0.0448102	0.0231396		
81	0.0104104	-0.154146	0	0.00439313	0.0373496	0.0202253		
82	0.0100918	-0.142419	0	0.00514367	0.0332656	0.0213683		
83	0.0102189	-0.165929	0	0.0033408	0.0376896	0.0221179		
84	0.00989879	-0.153591	0	0.00528667	0.0445126	0.0208691		
85	0.0104818	-0.114581	0	0.00552792	0.03938	0.0219708		
86	0.0104061	-0.110843	0	0.00636529	0.0498866	0.0212026		
87	0.0103611	-0.155533	0	0.00428104	0.0348452	0.0196165		
88	0.0103319	-0.16469	0	0.00618327	0.0397768	0.0192077		
89	0.00971449	-0.176855	0	0.0045138	0.0478354	0.0210828		
90	0.0103157	-0.139723	0	0.00674269	0.0329829	0.0205611		
91	0.0100792	-0.16536	0	0.00215766	0.0291921	0.0228845		
92	0.0102077	-0.146423	0	0.00550767	0.0384514	0.0216566		
93	0.0102067	-0.147585	0	0.00552166	0.038787	0.018832		
94	0.0106679	-0.149042	0	0.00848885	0.0584791	0.015588		
95	0.0102867	-0.145886	0	0.00839155	0.0527467	0.0165742		
96	0.0104212	-0.152615	0	0.00339089	0.031121	0.0168824		
97	0.0104578	-0.143531	0	0.00368892	0.0394384	0.0186036		
98	0.0105747	-0.148104	0	0.00412718	0.0295125	0.0178507		
99	0.0103438	-0.141183	0	0.00688678	0.042115	0.0176137		
100	0.0104563	-0.143734	0	0.00662185	0.0399597	0.0196425	0.92	0.0108145
101	0.00995266	-0.152722	0	0.00359698	0.0449718	0.0197399		
102	0.0106602	-0.160805	0	0.00415142	0.0309194	0.0147964		
103	0.0105402	-0.163568	0	0.0037806	0.0481732	0.0167167		
104	0.0109804	-0.131264	0	0.00490186	0.0386122	0.0144273		
105	0.0105347	-0.17432	0	0.00534741	0.0431299	0.0141963		
106	0.0105509	-0.166369	0	0.00597153	0.0497526	0.0152641		
107	0.0105009	-0.15028	0	0.00440164	0.0405374	0.0179162		
108	0.0104954	-0.157204	0	0.00567915	0.0394535	0.0175712		
109	0.0106217	-0.161806	0	0.00609632	0.0416882	0.0156694		
110	0.010755	-0.177219	0	0.00585468	0.0493615	0.0143238		
111	0.0104849	-0.156325	0	0.00229764	0.0301999	0.0147845		
112	0.0107939	-0.13384	0	0.00836543	0.0576579	0.0168918		
113	0.0109355	-0.113009	0	0.00737951	0.0586102	0.0180044		
114	0.0105509	-0.165746	0	0.00718731	0.0447021	0.0167453		
115	0.010626	-0.144801	0	0.00627852	0.0351682	0.0149287		
116	0.0106965	-0.137583	0	0.00485216	0.0424313	0.0113973		
117	0.0108251	-0.114021	0	0.00496378	0.0356661	0.014835		
118	0.0107916	-0.123681	0	0.00373055	0.0395606	0.0137401		
119	0.0110728	-0.117375	0	0.00612423	0.0488421	0.013642		
120	0.0106583	-0.117958	0	0.00407933	0.0401491	0.0162267		
121	0.0110002	-0.136774	0	0.00354799	0.0400501	0.014556		
122	0.0111251	-0.140286	0	0.0068553	0.0483731	0.0128793		
123	0.011361	-0.087855	0	0.00408501	0.0376531	0.0151769		
124	0.0110705	-0.140391	0	0.00513926	0.0326861	0.0104032		
125	0.0109781	-0.165457	0	0.00503749	0.025603	0.0134121	0.912	0.0114587
126	0.0111618	-0.143711	0	0.00515041	0.0543432	0.0144562		
127	0.0114956	-0.132943	0	0.00558818	0.0420085	0.0126244		
128	0.011407	-0.115034	0	0.00698305	0.0407241	0.0137929		
129	0.0112054	-0.131107	0	0.00424226	0.0367552	0.0129118		
130	0.0107459	-0.165692	0	0.00633213	0.0308684	0.0136033		
131	0.0114901	-0.13803	0	0.0058458	0.0384739	0.011293		
132	0.0111264	-0.119741	0	0.00625119	0.0464792	0.0132669		
133	0.0112315	-0.151205	0	0.00503198	0.0302812	0.0116134		
134	0.0113406	-0.126938	0	0.0078549	0.0397946	0.0131596		
135	0.0116908	-0.0788105	0	0.00740329	0.0503507	0.0128917		
136	0.0115637	-0.114593	0	0.00490495	0.0418286	0.0140272		
137	0.0114246	-0.117066	0	0.00561539	0.0392446	0.0151204		
138	0.0114642	-0.150606	0	0.00425414	0.0385756	0.0115955		
139	0.0114153	-0.138799	0	0.00507554	0.0285868	0.0130011		
140	0.0115941	-0.109639	0	0.00403163	0.0454459	0.0129453		
141	0.0111967	-0.120222	0	0.00431735	0.0455194	0.0119399		
142	0.011873	-0.0894529	0	0.00699634	0.0500629	0.0104119		
143	0.01187	-0.0937677	0	0.00586925	0.0344041	0.0123479		
144	0.0116619	-0.10509	0	0.00690468	0.0476485	0.0126847		
145	0.0115127	-0.124204	0	0.00553135	0.0355102	0.0121825		
146	0.0114738	-0.139175	0	0.00513828	0.0487086	0.0103321		
147	0.011848	-0.129787	0	0.00840434	0.0505248	0.0124175		
148	0.0116157	-0.102794	0	7.33841e-05	0.0444574	0.0115598		
149	0.0119656	-0.132857	0	0.00546816	0.0433933	0.0136563		
150	0.011707	-0.121949	0	0.00476493	0.039871	0.0128559	0.948	0.012131
151	0.0118099	-0.118959	0	0.00520172	0.0494498	0.0143515		
152	0.0115495	-0.14724	0	0.00650885	0.0335283	0.0125233		
153	0.0119103	-0.114759	0	0.00649617	0.0430135	0.0112473		
154	0.0117531	-0.134427	0	0.00773709	0.0590543	0.0122198		
155	0.0117775	-0.134836	0	0.00523044	0.0316667	0.0105566		
156	0.0120414	-0.0707317	0	0.00752287	0.0385198	0.0105084		
157	0.0118855	-0.106499	0	0.00459422	0.051907	0.0107231		
158	0.0114681	-0.127199	0	0.00650352	0.042346	0.0120655		
159	0.011975	-0.0918977	0	0.00616243	0.0445439	0.0123791		
160	0.0119487	-0.136049	0	0.00391708	0.0426834	0.00873274		
161	0.0121737	-0.090361	0	0.00606542	0.0397996	0.0120231		
162	0.0120965	-0.145956	0	0.00588591	0.0416484	0.0101675		
163	0.012014	-0.125405	0	0.00905254	0.0468959	0.0111007		
164	0.011938	-0.107058	0	0.00541798	0.0484479	0.00894163		
165	0.01184	-0.132086	0	0.00842292	0.0525638	0.0109357		
166	0.0117302	-0.116117	0	0.00734375	0.0438888	0.0134401		
167	0.0119364	-0.127488	0	0.00862637	0.04688	0.00796346		
168	0.0118619	-0.116317	0	0.00752698	0.0537649	0.00692962		
169	0.0120691	-0.0900671	0	0.00382381	0.0324311	0.00874051		
170	0.0119741	-0.108513	0	0.00611938	0.0437059	0.0092702		
171	0.0121046	-0.126209	0	0.0053931	0.0317346	0.0082968		
172	0.0119925	-0.107396	0	0.00731193	0.0427551	0.0100466		
173	0.0123286	-0.0900183	0	0.00901087	0.053133	0.0086886		
174	0.0122548	-0.119305	0	0.00504693	0.0553702	0.00978618		
175	0.0121535	-0.103	0	0.00708791	0.0371765	0.0139765	0.934	0.0123873
176	0.0120343	-0.162013	0	0.005089	0.0378021	0.0103185		
177	0.0122965	-0.107853	0	0.00541342	0.0430696	0.0115615		
178	0.0118533	-0.184199	0	0.00506809	0.0318421	0.0109042		
179	0.0123433	-0.132575	0	0.00622142	0.0437847	0.0123195		
180	0.0121637	-0.142088	0	0.00607953	0.0460507	0.0106811		
181	0.0121322	-0.160494	0	0.00670628	0.0458868	0.0102835		
182	0.0126354	-0.103422	0	0.00319495	0.0319877	0.0089158		
183	0.0119324	-0.15711	0	0.00677967	0.0548927	0.0116202		
184	0.0124979	-0.0974271	0	0.00707955	0.044523	0.0109551		
185	0.0121868	-0.169119	0	0.00714636	0.0467654	0.00944437		
186	0.0119701	-0.155312	0	0.00612007	0.0389807	0.00896008		
187	0.0123032	-0.111664	0	0.00699037	0.0451116	0.00965094		
188	0.012458	-0.11934	0	0.00353956	0.0335431	0.011623		
189	0.0121791	-0.124029	0	0.00635991	0.0440358	0.0086932		
190	0.0122377	-0.117856	0	0.00505078	0.0358368	0.00999116		
191	0.0122709	-0.1494	0	0.00372648	0.0499227	0.00750134		
192	0.0124792	-0.116669	0	0.00387242	0.0335154	0.00926125		
193	0.0124356	-0.134298	0	0.00599045	0.0369622	0.0104849		
194	0.0121211	-0.0992905	0	0.00610387	0.0428971	0.00852915		
195	0.0120181	-0.126049	0	0.00460512	0.0325902	0.0118547		
196	0.0121325	-0.133658	0	0.00645517	0.0444008	0.00894277		
197	0.012094	-0.0916556	0	0.00434395	0.0331655	0.00965371		
198	0.0120641	-0.131705	0	0.00310147	0.0457677	0.0114373		
199	0.0121947	-0.140509	0	0.00504332	0.0479406	0.0103664		
200	0.0125729	-0.0974871	0	0.00634429	0.0413228	0.00804712	0.936	0.0124639
201	0.0123152	-0.141118	0	0.00476079	0.0376303	0.0107487		
202	0.0124322	-0.139594	0	0.00447298	0.0469581	0.0080093		
203	0.0122201	-0.103975	0	0.00446689	0.0425717	0.00944953		
204	0.0119452	-0.173231	0	0.00428624	0.0484404	0.0119622		
205	0.0122856	-0.134196	0	0.0048525	0.0399648	0.00974795		
206	0.0121976	-0.115858	0	0.00887766	0.0510131	0.00795708		
207	0.0125938	-0.149894	0	0.00567078	0.0371696	0.00902796		
208	0.0127513	-0.116124	0	0.00702898	0.0545375	0.00864812		
209	0.0121675	-0.11898	0	0.00433138	0.0297876	0.0101946		
210	0.0117125	-0.156468	0	0.00914771	0.0545862	0.0102203		
211	0.0124492	-0.123498	0	0.00989653	0.0574824	0.0088679		
212	0.0126253	-0.114944	0	0.00744624	0.0463236	0.00745762		
213	0.0123397	-0.13053	0	0.00415383	0.0322535	0.00896077		
214	0.012358	-0.147478	0	0.00590355	0.0343673	0.010949		
215	0.0122208	-0.129229	0	0.00637478	0.0467652	0.0100539		
216	0.0123951	-0.12448	0	0.00630751	0.0454165	0.008108		
217	0.0125408	-0.163963	0	0.00669772	0.0371356	0.00781623		
218	0.0123528	-0.144311	0	0.0116933	0.0641063	0.00901314		
219	0.0125919	-0.130008	0	0.00828795	0.0499856	0.0100106		
220	0.0126142	-0.132055	0	0.00552991	0.0352724	0.0111341		
221	0.0130555	-0.104476	0	0.00906838	0.0448421	0.0105215		
222	0.0126047	-0.114786	0	0.00835808	0.0455071	0.00904937		
223	0.0124414	-0.112544	0	0.00601129	0.0359828	0.0105486		
224	0.0126042	-0.117329	0	0.0077327	0.0393026	0.00920416		
225	0.0121603	-0.0926045	0	0.00719102	0.0514717	0.0124734	0.958	0.0127833
226	0.0120063	-0.152952	0	0.00651785	0.0449709	0.00927364		
227	0.0123568	-0.129027	0	0.00746491	0.0448571	0.00985995		
228	0.0124833	-0.122447	0	0.00594255	0.0273581	0.00943791		
229	0.0126643	-0.107696	0	0.00635652	0.0525908	0.0104498		
230	0.0123095	-0.131144	0	0.00436765	0.0388888	0.0113037		
231	0.0125212	-0.126204	0	0.00469163	0.0370384	0.00767231		
232	0.0126971	-0.112756	0	0.00606173	0.0476925	0.0102054		
233	0.0126115	-0.128078	0	0.0058637	0.0438056	0.00990786		
234	0.0127791	-0.123746	0	0.00486072	0.0408281	0.0131144		
235	0.0125954	-0.119335	0	0.00559649	0.0427886	0.0111415		
236	0.0124102	-0.124213	0	0.00500191	0.043932	0.0116818		
237	0.012623	-0.109144	0	0.00514425	0.04475	0.00990898		
238	0.0125702	-0.131983	0	0.00537044	0.0462843	0.00937311		
239	0.0126308	-0.0987617	0	0.004103	0.03626	0.00680748		
240	0.0122696	-0.147181	0	0.00537069	0.0387853	0.00945036		
241	0.0123665	-0.108305	0	0.00548512	0.0498206	0.0104716		
242	0.0122019	-0.106062	0	0.0038739	0.037953	0.00924886		
243	0.012293	-0.091071	0	0.00685037	0.0507219	0.00846724		
244	0.0121117	-0.10386	0	0.00552386	0.0404637	0.0100107		
245	0.0123699	-0.0844553	0	0.00507502	0.0434258	0.00762485		
246	0.0122448	-0.0930646	0	0.00833806	0.0542021	0.00927304		
247	0.0123462	-0.0852181	0	0.00528235	0.0414881	0.00735441		
248	0.0111655	-0.126575	0	0.00315646	0.036387	0.0126369		
249	0.0115761	-0.127575	0	0.00708981	0.048342	0.010516		
250	0.0121998	-0.112013	0	0.00943963	0.0564324	0.00866456	0.966	0.0122378
251	0.0115943	-0.126018	0	0.00440739	0.0391679	0.0103721		
252	0.0119607	-0.104064	0	0.00849423	0.0576204	0.00927355		
253	0.0122084	-0.108752	0	0.00410909	0.0438815	0.00916501		
254	0.0120461	-0.121696	0	0.00532408	0.0365386	0.0075365		
255	0.0118667	-0.107983	0	0.00694621	0.0530751	0.0106064		
256	0.0118062	-0.132918	0	0.00428558	0.0381482	0.0104201		
257	0.0120386	-0.103125	0	0.00734377	0.0433848	0.0104073		
258	0.0119016	-0.124644	0	0.00302715	0.0404559	0.00892359		
259	0.0124293	-0.116069	0	0.00928313	0.0478723	0.00828311		
260	0.0121761	-0.137691	0	0.00831661	0.0602244	0.00911009		
261	0.0124404	-0.0960252	0	0.0060331	0.0357126	0.00736613		
262	0.012377	-0.0998829	0	0.00548346	0.0398335	0.00609303		
263	0.0120912	-0.0915462	0	0.00522855	0.0432849	0.00897618		
264	0.01229	-0.14219	0	0.00378198	0.0356674	0.00688704		
265	0.0122547	-0.111637	0	0.00475566	0.0338816	0.00755369		
266	0.0121118	-0.116374	0	0.00552293	0.0410261	0.00830243		
267	0.0125442	-0.0845213	0	0.00408074	0.046478	0.0081458		
268	0.0123132	-0.119351	0	0.00635282	0.045458	0.00706374		
269	0.0125735	-0.0952257	0	0.00665634	0.0396772	0.00547881		
270	0.0125444	-0.0774872	0	0.00935966	0.0539614	0.0100733		
271	0.0126398	-0.0744165	0	0.00588284	0.0519135	0.00760137		
272	0.0123914	-0.146212	0	0.00622316	0.0600642	0.00532731		
273	0.0126529	-0.0823469	0	0.00539844	0.0451691	0.00884016		
274	0.0125366	-0.104157	0	0.00794517	0.040893	0.00755308		
275	0.0125432	-0.0915661	0	0.00725125	0.0387668	0.00748169	0.96	0.0126372
276	0.0125882	-0.0931374	0	0.00535016	0.0318974	0.0081337		
277	0.0126858	-0.116021	0	0.00526356	0.040554	0.00550107		
278	0.0124721	-0.105515	0	0.00617871	0.0379663	0.00687284		
279	0.0122924	-0.112545	0	0.0061619	0.0377928	0.00724936		
280	0.0124945	-0.133309	0	0.00853153	0.050139	0.00950042		
281	0.0121017	-0.146857	0	0.00522067	0.0437674	0.00805738		
282	0.0125498	-0.089122	0	0.00290555	0.0335926	0.0069037		
283	0.0121097	-0.147069	0	0.00652062	0.0402738	0.00685379		
284	0.0121712	-0.0867131	0	0.00871463	0.0435393	0.00937954		
285	0.0123763	-0.142028	0	0.00519835	0.038069	0.00675308		
286	0.01248	-0.101173	0	0.00693973	0.0417104	0.00642975		
287	0.0123073	-0.0851458	0	0.00856265	0.0479926	0.00845628		
288	0.0123632	-0.109301	0	0.00575147	0.0506103	0.00807792		
289	0.0122928	-0.122525	0	0.00541908	0.0424234	0.00880601		
290	0.0121036	-0.119585	0	0.00571842	0.0466867	0.00911727		
291	0.0123218	-0.121833	0	0.0066906	0.0361257	0.00664749		
292	0.0121889	-0.0907681	0	0.00650943	0.0449802	0.00868037		
293	0.0124367	-0.0860151	0	0.00640831	0.0422027	0.00830206		
294	0.012324	-0.15351	0	0.00616387	0.0347077	0.00860426		
295	0.0120262	-0.122763	0	0.00124984	0.0366253	0.00979158		
296	0.0122847	-0.0730892	0	0.00603797	0.0361714	0.00726355		
297	0.0124703	-0.127953	0	0.00418782	0.0360442	0.00631774		
298	0.0123497	-0.114019	0	0.00370356	0.039337	0.00925037		
299	0.0126939	-0.0737645	0	0.00580382	0.0520593	0.0069594		
300	0.0128482	-0.110878	0	0.00752198	0.0470543	0.00539566	0.954	0.0126432
301	0.0123794	-0.0903347	0	0.00347807	0.0372049	0.00723855		
